method,tc,time
GreedyMethod,15.97010589061218,0.006853833
KaHyParBipartite,16.057336033995497,2.534312041
SABipartite,15.691770776604246,0.107419917
TreeSA,15.255323690008138,3.770639667
